<?xml version='1.0' encoding='UTF-8'?>
<org.jvnet.hudson.plugins.thinbackup.backup.PluginList>
  <plugins>
    <entry>
      <string>msbuild</string>
      <string>1.8.2</string>
    </entry>
    <entry>
      <string>Hudson core</string>
      <string>1.446</string>
    </entry>
    <entry>
      <string>dry</string>
      <string>2.24</string>
    </entry>
    <entry>
      <string>htmlpublisher</string>
      <string>0.7</string>
    </entry>
    <entry>
      <string>translation</string>
      <string>1.8</string>
    </entry>
    <entry>
      <string>git</string>
      <string>1.1.15</string>
    </entry>
    <entry>
      <string>javadoc</string>
      <string>1.0</string>
    </entry>
    <entry>
      <string>tasks</string>
      <string>4.27</string>
    </entry>
    <entry>
      <string>mstest</string>
      <string>0.7</string>
    </entry>
    <entry>
      <string>maven-plugin</string>
      <string>1.446</string>
    </entry>
    <entry>
      <string>violations</string>
      <string>0.7.10</string>
    </entry>
    <entry>
      <string>ccm</string>
      <string>2.6.1</string>
    </entry>
    <entry>
      <string>subversion</string>
      <string>1.34</string>
    </entry>
    <entry>
      <string>chucknorris</string>
      <string>0.4</string>
    </entry>
    <entry>
      <string>cvs</string>
      <string>1.6</string>
    </entry>
    <entry>
      <string>hudsontrayapp</string>
      <string>0.7.3</string>
    </entry>
    <entry>
      <string>ssh-slaves</string>
      <string>0.21</string>
    </entry>
    <entry>
      <string>ant</string>
      <string>1.1</string>
    </entry>
    <entry>
      <string>warnings</string>
      <string>3.28</string>
    </entry>
    <entry>
      <string>thinBackup</string>
      <string>1.4</string>
    </entry>
    <entry>
      <string>analysis-core</string>
      <string>1.38</string>
    </entry>
  </plugins>
</org.jvnet.hudson.plugins.thinbackup.backup.PluginList>