<?xml version='1.0' encoding='UTF-8'?>
<org.jvnet.hudson.plugins.thinbackup.ThinBackupPluginImpl>
  <fullBackupSchedule>0 0 * * *</fullBackupSchedule>
  <diffBackupSchedule></diffBackupSchedule>
  <backupPath>D:\Data\Data\Projets\UsineLogicielle\backup_config_jenkins</backupPath>
  <nrMaxStoredFull>100</nrMaxStoredFull>
  <cleanupDiff>false</cleanupDiff>
  <moveOldBackupsToZipFile>false</moveOldBackupsToZipFile>
  <backupBuildResults>false</backupBuildResults>
  <excludedFilesRegex></excludedFilesRegex>
</org.jvnet.hudson.plugins.thinbackup.ThinBackupPluginImpl>